subreddit,permalink,score,num_comments,title,body_text,image_url
DIY,https://old.reddit.com/r/DIY/comments/1jjxjn6/my_wife_went_to_a_work_event_for_a_few_days_in_my/,77934,1877,"My wife went to a work event for a few days, in my hubris I thought I could build her a new studio before she got back...","We had a space in our basement that she used as a studio for her crochet photos and videos, but was completely unfinished. She works full time as a self employed blogger and I wanted to give her a room she could enjoy working in. I love DIY work, and somehow thought I could completely finish this project in 5 days. While looking after the kids. Wow. Not even close.
She returned just after I got the drywalling completed.
After the shock of what happened to her room went away, she helped me paint, put in the flooring and build some furniture. We went all white to help the light fill the room for photos and videos.
All in all, while I didn't even come close to surprising her with a finished room, it was an overall success and we love the room.
We still need to put in a ceiling, but it's back to working for now!","['https://preview.redd.it/rt7iwjco3xqe1.jpg?width=108&crop=smart&auto=webp&s=18766a28c479cf5c3e2c571bf86bb7420a2872f0', 'https://preview.redd.it/p6tzrkco3xqe1.jpg?width=108&crop=smart&auto=webp&s=4e8fc3615409682a0c9cbd1d7867c3ac758d5617', 'https://preview.redd.it/agdhqlco3xqe1.jpg?width=108&crop=smart&auto=webp&s=04f52fb0cca66cc027b42b3e155b0fa83852085b', 'https://preview.redd.it/fbvfknco3xqe1.jpg?width=108&crop=smart&auto=webp&s=a67072fca84517b2e3c9150d0c9a1187c11da261', 'https://preview.redd.it/8fzeknco3xqe1.jpg?width=108&crop=smart&auto=webp&s=dbe4e0f7921ff371bbb5c175d92e08443a4addef', 'https://preview.redd.it/kvy69yco3xqe1.jpg?width=108&crop=smart&auto=webp&s=9bc3bc35abb80a8eab4c988c0098b0db41ebff63', 'https://preview.redd.it/hqrp3rco3xqe1.jpg?width=108&crop=smart&auto=webp&s=e16a3ea3c75a10410ceb2a763cdd438c6be935fe', 'https://preview.redd.it/lbdnwrco3xqe1.jpg?width=108&crop=smart&auto=webp&s=d86498f236bdbdc3222fb130290cc3ebe67b7d32', 'https://preview.redd.it/t3e6urco3xqe1.jpg?width=108&crop=smart&auto=webp&s=92ce1ef3584d722cb7ff1c52c07b45079057c47c', 'https://preview.redd.it/dtbk1yco3xqe1.jpg?width=108&crop=smart&auto=webp&s=c98bcede132e3fde1b1e25a208229aee4842c089', 'https://preview.redd.it/pnaen3do3xqe1.jpg?width=108&crop=smart&auto=webp&s=c80a614b30d680a454856401ebb41049a55f9e3a', 'https://preview.redd.it/sfntrvco3xqe1.jpg?width=108&crop=smart&auto=webp&s=a8e65251a0b89a143952b466ff857c8ef0ace875', 'https://preview.redd.it/kfmy24do3xqe1.jpg?width=108&crop=smart&auto=webp&s=4704663aa20e1f452661c3cc220d14752f3989c1', 'https://preview.redd.it/4aiy34do3xqe1.jpg?width=108&crop=smart&auto=webp&s=547693a436899b0aadba516156faecafb60ffac0', 'https://preview.redd.it/afgu24do3xqe1.jpg?width=108&crop=smart&auto=webp&s=93fb87743f1bce8bb5d6218e0e20c25c65374983', 'https://preview.redd.it/0mhux3do3xqe1.jpg?width=108&crop=smart&auto=webp&s=4aec55cce86e8e297aa6b27515c2c5c694998b5f', 'https://preview.redd.it/hvtaull05xqe1.jpg?width=108&crop=smart&auto=webp&s=b6afcf43a258cbae0056c172a46e9cc21d87ba8d', 'https://preview.redd.it/myq3qn1v4xqe1.jpg?width=108&crop=smart&auto=webp&s=6bb6526239c9483826750d51aad9af84d7a06248', 'https://preview.redd.it/uttmkuco3xqe1.jpg?width=108&crop=smart&auto=webp&s=a15bb124d15769d2f939771695ff5e7304fd1e09']"
DIY,https://old.reddit.com/r/DIY/comments/63751i/sure_i_could_have_bought_a_custom_inground/,67013,3255,"Sure I could have bought a custom in-ground swimming pool for $30,000 but instead I spent 3+ years of my life and built this Natural Swim Pond.",,
DIY,https://old.reddit.com/r/DIY/comments/5h15f4/i_built_a_desktop_robot_that_responds_entirely_in/,63478,2472,I Built A Desktop Robot That Responds Entirely In GIFs,,
DIY,https://old.reddit.com/r/DIY/comments/6x0337/i_built_a_camera_that_snaps_and_instantly_prints/,61604,2632,I built a camera that snaps and instantly prints a GIF you can hold in your hand,,
DIY,https://old.reddit.com/r/DIY/comments/j321gz/my_wife_recently_passed_away_i_used_my_time_off/,59647,1646,My wife recently passed away. I used my time off to build her the giant bookshelf she always wanted.,,
DIY,https://old.reddit.com/r/DIY/comments/18tx4lb/my_first_attempt_at_a_wacky_furniture_piece/,59281,1628,My first attempt at a wacky furniture piece.,"Not perfect, but Iâ€™m happy with it. The drawers were a real challenge! Carved the Alice in Wonderland knobs from pine.","['https://preview.redd.it/86odowmara9c1.jpg?width=108&crop=smart&auto=webp&s=395917c23cdca2bada9b71180bb9b36f2bf88868', 'https://preview.redd.it/5va4lwmara9c1.jpg?width=108&crop=smart&auto=webp&s=aa3abfb0299235e9cbe1eaedc9214ffce4077208', 'https://preview.redd.it/pd44gzmara9c1.jpg?width=108&crop=smart&auto=webp&s=7b7aa253930ee16fa308b91dd2426e0872fd45cf', 'https://preview.redd.it/zll2xwmara9c1.jpg?width=108&crop=smart&auto=webp&s=63e04090d51d067deec19768de496f052c9b62e8', 'https://preview.redd.it/obpmuwmara9c1.jpg?width=108&crop=smart&auto=webp&s=51ebdd66dfd35447315c458bb0bfff7576aa7334', 'https://preview.redd.it/j5gy3xmara9c1.jpg?width=108&crop=smart&auto=webp&s=f0f21cc3b03c44e44f6da9b01f21e4a50890e69e', 'https://preview.redd.it/67hcrwmara9c1.jpg?width=108&crop=smart&auto=webp&s=39a5ddd6f5853e71fcf353833d9042493ba3b63c']"
DIY,https://old.reddit.com/r/DIY/comments/a411hu/i_made_a_portrait_of_a_friend_out_of_13000_dice/,52279,1892,"I made a portrait of a friend out of 13,000 dice.",,
DIY,https://old.reddit.com/r/DIY/comments/1homo1x/my_christmas_present_to_my_wife_this_year_was/,51609,2378,My Christmas present to my wife this year was renovating our laundry room. How did I do?,,"['https://preview.redd.it/b2njczn7fp9e1.jpg?width=108&crop=smart&auto=webp&s=e6408eda9ed72473e735e8d5c4343c84268e63a4', 'https://preview.redd.it/ckcgdwn7fp9e1.jpg?width=108&crop=smart&auto=webp&s=9753fef9e94588202347495127f02055528bd547', 'https://preview.redd.it/56yhg3o7fp9e1.jpg?width=108&crop=smart&auto=webp&s=9a8d7d2794ea8f641f7c7db3c7ce5ff363fbf58f', 'https://preview.redd.it/ihgtbxn7fp9e1.jpg?width=108&crop=smart&auto=webp&s=77cba082df9992e5a8cf5855ee52cd7165d29f65', 'https://preview.redd.it/ootx21o7fp9e1.jpg?width=108&crop=smart&auto=webp&s=c7a3552e979e5490bfa3ffb98cf61bf5cfac44dc', 'https://preview.redd.it/ugejpxn7fp9e1.jpg?width=108&crop=smart&auto=webp&s=491c6f31ce72e601978e8bcc690c35f253bbcc49', 'https://preview.redd.it/qwerd5o7fp9e1.jpg?width=108&crop=smart&auto=webp&s=48c93f3dc9930c5e508f068a8659e6de414179bb', 'https://preview.redd.it/jtq5uwn7fp9e1.jpg?width=108&crop=smart&auto=webp&s=94e1b69682bc6b60331eb34ae1e84dca025f5e92', 'https://preview.redd.it/hml3gwn7fp9e1.jpg?width=108&crop=smart&auto=webp&s=33503e0240abcf2c919e8e49031296a5b3d8578b', 'https://preview.redd.it/f1evywn7fp9e1.jpg?width=108&crop=smart&auto=webp&s=433c995d15cafd3b8a7cc7830af07ba86037dd7d', 'https://preview.redd.it/ou7j9zn7fp9e1.jpg?width=108&crop=smart&auto=webp&s=a1ae8862b05140ff6a0d3278caf735d14d956db5', 'https://preview.redd.it/xqw2lxn7fp9e1.jpg?width=108&crop=smart&auto=webp&s=0fe1504e64f8d361e86fb316544681b91b73387f', 'https://preview.redd.it/6ftnsxn7fp9e1.jpg?width=108&crop=smart&auto=webp&s=ae51f790c913c94730f1e26e828c9fb1aa05e445', 'https://preview.redd.it/ws39swn7fp9e1.jpg?width=108&crop=smart&auto=webp&s=f913e8465b5e328b038f7086f7425febd353a361', 'https://preview.redd.it/efxzsyn7fp9e1.jpg?width=108&crop=smart&auto=webp&s=554458bdf3486915171ca683104ed1b44ccb9320', 'https://preview.redd.it/169m3zn7fp9e1.jpg?width=108&crop=smart&auto=webp&s=142d89da204801f98baa6976995bdaf72d0a695e', 'https://preview.redd.it/6n8o4xn7fp9e1.jpg?width=108&crop=smart&auto=webp&s=872b57946b33371fd9e96cd40d8d21db0489a918', 'https://preview.redd.it/w4onaxn7fp9e1.jpg?width=108&crop=smart&auto=webp&s=4c97079206c82dbf5269e7bb31d2ecdbddfb37af', 'https://preview.redd.it/2d85dxn7fp9e1.jpg?width=108&crop=smart&auto=webp&s=6518e8178b662b3b77ea72824478b5e0b4c42881']"
DIY,https://old.reddit.com/r/DIY/comments/6vjea9/i_built_wooden_word_watches_for_my_roommates/,50213,1346,I built wooden word watches for my roommates' birthdays,,
DIY,https://old.reddit.com/r/DIY/comments/420wu0/i_built_a_tree_in_my_daughters_bedroom/,49087,3513,I built a tree in my daughter's bedroom,,
DIY,https://old.reddit.com/r/DIY/comments/ad67ae/i_built_a_stratocaster_out_of_1200_colored_pencils/,48419,1197,I built a Stratocaster out of 1200 colored pencils,,
DIY,https://old.reddit.com/r/DIY/comments/5s89gz/i_built_a_machine_that_sorts_mms_and_skittles_by/,48054,2280,I built a machine that sorts M&Ms and Skittles by colour,,
DIY,https://old.reddit.com/r/DIY/comments/5sv15t/i_got_really_cross_with_my_phd_so_stuck_my_laptop/,47674,1721,I got really cross with my PhD so stuck my laptop in a laser cutter to cheer myself up,,
DIY,https://old.reddit.com/r/DIY/comments/6me7tq/my_first_diy_school_bus_conversion/,46085,2455,My first DIY: School Bus Conversion,,
DIY,https://old.reddit.com/r/DIY/comments/9u7pxu/boyfriend_challenged_me_to_make_an_i_scream/,45590,858,"Boyfriend challenged me to make an ""I Scream Sundae"" costume for Halloween ... I think I won!",,
DIY,https://old.reddit.com/r/DIY/comments/1fdqfgf/my_family_was_out_of_town_for_a_week_so_i/,45041,1892,"My family was out of town for a week, so I surprised them with an extra 100 sq ft","I spent every hour of spare time I had working on this. I got some help from my dad and 1 other friend. Basically what we did was cut out the drywall to expose existing joists, nail on additional 2x10s, add joist hangars to those, and hang 2x10s in between.Then just a bit of wiring, subfloor, drywall and carpet. I still have to finish the mudding/sanding and painting, and have to install light fixtures and outlets, and trime work, but it's currently a usable space already after 1 week which I'm very happy with.","['https://preview.redd.it/84gfdsym81od1.jpg?width=108&crop=smart&auto=webp&s=bb307b73c2903d20ff90a788be12e59d11c32fe8', 'https://preview.redd.it/po3zgr4n81od1.jpg?width=108&crop=smart&auto=webp&s=6927cf684c5ad4ea00a71c3735fcc5766e6080fc', 'https://preview.redd.it/0azv0dtn81od1.jpg?width=108&crop=smart&auto=webp&s=4f501a77f9d95c8e85a5cef6481334cfe7b46d41', 'https://preview.redd.it/vaxfjygo81od1.jpg?width=108&crop=smart&auto=webp&s=7e8cbd048f664bbc14e04d657e642047ffb39024', 'https://preview.redd.it/ixm3we0p81od1.jpg?width=108&crop=smart&auto=webp&s=9b75eda68d19f2911d030e10e331803b632b840b', 'https://preview.redd.it/1wx5fnop81od1.jpg?width=108&crop=smart&auto=webp&s=71e25a7f93f6640669af494f3ca7824690bd92f5', 'https://preview.redd.it/9exngj8q81od1.jpg?width=108&crop=smart&auto=webp&s=850ad15ad5a32fb38a43a5abad384953115e6304', 'https://preview.redd.it/36a5j0wq81od1.jpg?width=108&crop=smart&auto=webp&s=69c5c2dac2b945ee38137fbe48612ad73943e276', 'https://preview.redd.it/hygqy9mr81od1.jpg?width=108&crop=smart&auto=webp&s=b9f4bd1179bcc7db151306b131a0ca1fca93fcf5', 'https://preview.redd.it/u4pzh7yr81od1.jpg?width=108&crop=smart&auto=webp&s=ca85cac762a32cbf5a67c336374bd3c27b0c4461', 'https://preview.redd.it/8zkkr80t81od1.jpg?width=108&crop=smart&auto=webp&s=75be3b4307c65e5f281b5454497e71ca5155f4e7', 'https://preview.redd.it/w9bmnivt81od1.jpg?width=108&crop=smart&auto=webp&s=1cbd8115159cbcc4def8f1be190bd82744b59a5e']"
DIY,https://old.reddit.com/r/DIY/comments/1h4kt3o/wife_put_me_in_charge_of_wedding_favors_and_i/,44885,400,Wife put me in charge of wedding favors and I needed a project.,"I found it on marketplace, lowballed the guy and he took the offer so suddenly I was in very deep. It weighed what felt like 300 pounds so I built an all wood frame to cut down on the weight significantly, reinforced with metal brackets on the corners. Modded the wheel to spin freely to the left so nobody had to pay of course.
Our favorite candy, individual advil packs, and Keychains I made. I've always been obsessed with dinosaurs and own reptiles, my wife loves animals and has worked with them her whole life, so it's mostly Keychains of dinosaurs or animals, a few secret ones. I make art so I had several generous artist friends contribute their time or expertise, shout out to my friend for the signs specifically.
It went great! People were eating it up and it was picked clean by the end of the reception.","['https://preview.redd.it/smhinrv5mc4e1.jpg?width=108&crop=smart&auto=webp&s=12e5df0f158afd376f713bbb3aca068f69c90802', 'https://preview.redd.it/j66k6fx5mc4e1.jpg?width=108&crop=smart&auto=webp&s=ed44f235277c1a5494f00dfd7428df296ecf6fc5', 'https://preview.redd.it/lduvaty5mc4e1.jpg?width=108&crop=smart&auto=webp&s=82703b9a17fbb900b898cdee051e013e2ba47240', 'https://preview.redd.it/w0gq6c06mc4e1.jpg?width=108&crop=smart&auto=webp&s=1b278db52127bae0283d172ed9403aefc6d8d62c', 'https://preview.redd.it/4l1nnw16mc4e1.jpg?width=108&crop=smart&auto=webp&s=825d67828634dc3f791efb4b68c1b5bc24f3988c', 'https://preview.redd.it/9yo20j36mc4e1.jpg?width=108&crop=smart&auto=webp&s=d351e10edbcd9f8285e4b13ba9e7eb568a34ac7c']"
DIY,https://old.reddit.com/r/DIY/comments/8g8pce/fiberoptic_star_ceiling_in_my_daughters_nursery/,44415,1262,"Fiber-optic star ceiling in my daughter's nursery, using a map of the sky on her due date as a template",,
DIY,https://old.reddit.com/r/DIY/comments/a6k884/i_adopted_my_brothers_two_bengals_when_he_passed/,43250,1192,I adopted my brother's two Bengals when he passed away. I did my best to build them a cat jungle in my basement and make him proud.,,
DIY,https://old.reddit.com/r/DIY/comments/1lfa89a/made_a_bulldozer_bed_for_my_2yo/,41881,758,Made a bulldozer bed for my 2yo,"I am by no means a magician on the tools, but I do enjoy a bit of DIY, especially things that canâ€™t be bought like building this WITH my 2yo.
I donâ€™t have all the special tools. I used a mitre, circular and jig saw for most of the cuts and a battery disc sander for any sanding. If you looked at it closely, Its far from perfect, but in my sonâ€™s eyes its the best thing since sliced bread. Its a double bed because we anticipate we maybe co sleeping at times.
The double bed frame was bought secondhand from FB marketplace
Bucket made of 12mm ply.
Tracks made from ply and skirting board wheels are round coasters ðŸ˜„","['https://preview.redd.it/uqcobu9etv7f1.jpg?width=108&crop=smart&auto=webp&s=2dd55dcb8198099218c40abe39aa6f79a5558f9d', 'https://preview.redd.it/qpu351cetv7f1.jpg?width=108&crop=smart&auto=webp&s=063c7dc46bc2f17096f9ca95a4c76da5b054b269', 'https://preview.redd.it/r8ug3u9etv7f1.jpg?width=108&crop=smart&auto=webp&s=724ab02dcb65d869bd199b688b4ab6a0384cd885', 'https://preview.redd.it/pdnozbeetv7f1.jpg?width=108&crop=smart&auto=webp&s=a220c14a5c98208dc50110040449e84e2c3e4cf4']"
DIY,https://old.reddit.com/r/DIY/comments/903798/my_4yr_ongoing_battle_with_birds/,40346,1852,My 4yr (ongoing?) battle with birds!,,
DIY,https://old.reddit.com/r/DIY/comments/1nvc72e/4_months_ago_i_lost_all_respect_for_local/,39591,1985,4 months ago I lost all respect for local contractors. 4 months later I've gained a ton for myself.,"The original plan seemed pretty simple/straight forward.
Call a handful of local companies in the area, have them quote us on fishing a 24'x12' rectangle of the basement, review the quotes...and pick one that seemed reasonable.
We wanted nothing special. Nothing lavish. A finished rectangle with lights, outlets, and a durable floor. A rec space for the kids, a place to have movie nights, and a bonus spot for family to stay while in town.
Nope.
Over a dozen calls were met with no shows or no responses, showing up 4 hours late to 5pm appointments, degrading comments about the space, requiring features we didn't want or need (bathroom or wet bar), and 4 quotes over fifty thousand fucking dollars.
Partially out of spite, with zero experience or knowledge on anything 'handy', I started looking into what it may cost and the cost associated with each step along the way.
The number came to just under $7,500
0
in materials, budget tools that I didn't have, truck rentals to get everything to my house, and an electrician friend to handle the lights and outlets.
I put everything on paper, convinced my (hesitant) wife to let me try, and decided to give it ago.
For the last 4 months I've spent pretty much every second of free time (and what wasn't supposed to be free time) working on the space, watching how-to's on Youtube, and combing through reddit threads and online forums.
Watching it start to come together was an incredible feeling. Building confidence with each step was extremely rewarding.
Last Friday the couch arrived and we held out first movie night.
Edit: This got way more attention than I ever would have expected. Thank you all for the kind words.
For those interested, here's a link to see more photos of the process.
And here are the primary resources used when researching how to do it:
Home RenoVision DIY
(Framing, water proofing, floor leveling)
The Excellent Laborer (Drywalling)
How I Do Things
(Soffit framing, trim)
Doing Whatever
(Framing half wall stairs)
DIY Chatroom
(Forum for home improvements)","['https://preview.redd.it/u76yudhjiisf1.jpg?width=108&crop=smart&auto=webp&s=6dea51867c39af8194df3fe88270a7aad510a728', 'https://preview.redd.it/9g534fhjiisf1.jpg?width=108&crop=smart&auto=webp&s=f1e65958aae991e8fc75864aec3e2a8a3bc97084', 'https://preview.redd.it/b4gdjehjiisf1.jpg?width=108&crop=smart&auto=webp&s=58033ca117a3b83e33a56fd6611f8faeb55faeb5', 'https://preview.redd.it/hn206ehjiisf1.jpg?width=108&crop=smart&auto=webp&s=af77355f14f1ff2dab81cd7e2c65623d5f3debff', 'https://preview.redd.it/a76jqchjiisf1.jpg?width=108&crop=smart&auto=webp&s=f29038a2e9cb76fe3d1c1c45921f323c8baeef0f']"
DIY,https://old.reddit.com/r/DIY/comments/5cavxi/i_made_a_penny_floor/,39147,1870,I made a penny floor!,,
DIY,https://old.reddit.com/r/DIY/comments/6nlez1/i_made_an_iron_throne_phone_charger/,38149,887,I made an Iron Throne phone charger,,
DIY,https://old.reddit.com/r/DIY/comments/1heisjb/rental_remodel_after_nightmare_tenant/,37538,1316,Rental Remodel After Nightmare Tenant,"I had a tenant who adopted six pit bulls from the local animal shelter without my permission.  The dogs did a ton of damage to the house.  The tenant did her share of damage as well.
The first few pics are the day I got the house back.  (I don't have a picture of the bathroom from that day, so I added one from the day I bought the house).
I did a full remodel myself.  Framing, wall/removal & beam install, insulation, tile, cabinets, countertops, kitchen/bathroom flooring, plumbing, electric, new LED lighting & fixtures, appliances (purchased and repaired from FB marketplace), vanity, toilet, reglaze tub, furnishings, and more.
The only things I didn't DIY were paint and refinishing the hardwoods.  I've done those before, and I know my limitations.
The one major improvement that doesn't show in the pictures is the smell.  The whole placed reeked of dog pee.  I ran an industrial dehumidifier for two weeks, and an ozone machine for another week.  I also used deodorizing floor cleaner, before having the floors sanded and sealed.
Very happy with how this turned out.  It'll be a mid-term rental for traveling nurses, because it's 1/4 mile from a major hospital.
I didn't do a great job tracking my expenses, but total cost was in the $9k-$11k range.","['https://preview.redd.it/d60w1ajdax6e1.jpg?width=108&crop=smart&auto=webp&s=7190de62008d97f5518e3a29c8cf4f07695d4576', 'https://preview.redd.it/hn5lcaodax6e1.jpg?width=108&crop=smart&auto=webp&s=5d179b4e79824c5615d342bb39ff227603b8754e', 'https://preview.redd.it/no1y6zrdax6e1.jpg?width=108&crop=smart&auto=webp&s=5565f894d736c3111265330289f564e9f4eeb849', 'https://preview.redd.it/2ve680vdax6e1.jpg?width=108&crop=smart&auto=webp&s=8c7f83d9122c6b67a58dd65a42a19c57a640660b', 'https://preview.redd.it/s9ikj1ydax6e1.jpg?width=108&crop=smart&auto=webp&s=d1d43272bb9cb6e82ea1ad7c19208b357c19ffdd', 'https://preview.redd.it/3htyz11eax6e1.jpg?width=108&crop=smart&auto=webp&s=9fe39b56646a98caa5242f8f8c58d46103851d17', 'https://preview.redd.it/veam634eax6e1.jpg?width=108&crop=smart&auto=webp&s=d9df58aa122fb4b1666349c2433b2f79ed96899e', 'https://preview.redd.it/xfgijs8eax6e1.jpg?width=108&crop=smart&auto=webp&s=85aef9377d71899d7daa3fa76afddb5ad9c5c007', 'https://preview.redd.it/sj9md5deax6e1.jpg?width=108&crop=smart&auto=webp&s=35f9389d9bc7d3ffc0710e3629c8a4c64a1774a8', 'https://preview.redd.it/ozi2btheax6e1.jpg?width=108&crop=smart&auto=webp&s=5d6c2add973a7c89a27e5c4373072800f652285b', 'https://preview.redd.it/jw3u1wleax6e1.jpg?width=108&crop=smart&auto=webp&s=6e08f1930e6fc917efbacc196fc2eae802b10803', 'https://preview.redd.it/lcvktzoeax6e1.jpg?width=108&crop=smart&auto=webp&s=03a6aeca5f69b53efd2e717fb8ca2c18c9598d42', 'https://preview.redd.it/d6ihavseax6e1.jpg?width=108&crop=smart&auto=webp&s=581f9787e1727540479159ef48c932f842184cfa', 'https://preview.redd.it/5yd7nyveax6e1.jpg?width=108&crop=smart&auto=webp&s=845aa995b777a399958a104c1383b5603427ca18', 'https://preview.redd.it/ji03930fax6e1.jpg?width=108&crop=smart&auto=webp&s=9d0f2175f273fcb41596346d144db0ce25f12649', 'https://preview.redd.it/ykp44v2fax6e1.jpg?width=108&crop=smart&auto=webp&s=16f9864e1839c05b67ba9e13471a7e7334438d4a', 'https://preview.redd.it/81qpr85fax6e1.jpg?width=108&crop=smart&auto=webp&s=eaac611616318addd1d5282d090473f4df251ef5', 'https://preview.redd.it/g5pnzf8fax6e1.jpg?width=108&crop=smart&auto=webp&s=66f9f8859f4bdc14c0bd7e7a348db0070662960c', 'https://preview.redd.it/2phrkwafax6e1.jpg?width=108&crop=smart&auto=webp&s=8a18a878c9a971290977fed18a18f70bd32dc9f0', 'https://preview.redd.it/qr60a6efax6e1.jpg?width=108&crop=smart&auto=webp&s=4342102b8c7e0652c372f6231398de8e4b4e8af0']"
DIY,https://old.reddit.com/r/DIY/comments/d5yw9i/my_friend_needed_a_turtle_costume_for_a_party_so/,37388,957,"My friend needed a Turtle costume for a party, so I made this...",,
DIY,https://old.reddit.com/r/DIY/comments/5oavmb/my_long_distance_girlfriend_loves_the_outdoors_so/,36904,1365,"my long distance girlfriend loves the outdoors, so for her birthday, I made her an Automata",,
DIY,https://old.reddit.com/r/DIY/comments/8ek16i/alright_reddit_lets_do_thisi_wired_my_whole_house/,36788,2634,"Alright Reddit, let's do this...I wired my whole house for Ethernet and installed a wired security system, ran everything to a closet and hid it behind a custom bookshelf hidden door",,
DIY,https://old.reddit.com/r/DIY/comments/6g1q2s/i_made_a_slug_electric_fence/,36201,2570,I made a Slug Electric fence,,
DIY,https://old.reddit.com/r/DIY/comments/6ua2x1/i_printed_this_mars_poster_on_sheet_metal_with/,36099,635,"I ""printed"" this Mars poster on sheet metal With actual rust. Here's how I did it.",,
DIY,https://old.reddit.com/r/DIY/comments/5jf3yo/my_gf_loves_fairytales_so_to_propose_i_built_her/,35811,1726,"my gf loves fairytales so, to propose, I built her a fairytale storybook with Secret puzzles inside",,
DIY,https://old.reddit.com/r/DIY/comments/5dz251/i_flipped_a_house_a_hoarders_house/,34022,2893,I Flipped a House. A Hoarders House,,
DIY,https://old.reddit.com/r/DIY/comments/9rw2st/i_thought_id_share_my_bender_costume_build_hope/,33730,588,I thought Iâ€™d share my Bender costume build. Hope you like it.,,
DIY,https://old.reddit.com/r/DIY/comments/3yiu6j/a_magic_mirror_powered_by_a_raspberry_pi_best/,33684,1623,A magic mirror powered by a raspberry pi. Best Christmas present I've ever put together. Detailed tutorial in comments.,,
DIY,https://old.reddit.com/r/DIY/comments/5xu96h/i_converted_the_hayloft_of_an_old_barn_into_an/,32495,1219,I converted the hayloft of an old barn into an office studio.,,
DIY,https://old.reddit.com/r/DIY/comments/90i1a4/how_to_make_infinity_stones/,31616,684,How to make Infinity Stones,,
DIY,https://old.reddit.com/r/DIY/comments/7wf5cb/i_put_a_modern_computer_in_my_old_386_case_with/,31436,1312,"I put a modern computer in my old 386 case, with arduino-powered front LED.",,
DIY,https://old.reddit.com/r/DIY/comments/6bt1qx/colored_pencil_mothers_day_popcorn_bowl_for_my/,31345,753,Colored Pencil Mother's Day popcorn Bowl for my wife,,
DIY,https://old.reddit.com/r/DIY/comments/7gdwc3/inspired_by_a_pineapple_and_a_giraffe_i_made_a/,30947,524,"Inspired by a pineapple and a giraffe, I made a low-poly picture of my dog for a gift.",,
DIY,https://old.reddit.com/r/DIY/comments/1m4amgk/not_sure_if_this_is_the_right_audience/,30889,1142,Not sure if this is the right audience,"This is my second arcade build. Iâ€™ve literally just started woodworking in April of this year, Iâ€™ve posted this build in other threads with it gaining traction but Iâ€™m not here for that exactly, Iâ€™m wanting to become better with my tools and techniques. Seeing the amount of positive critiques from this thread, I feel Iâ€™ll get sent in the right direction to accomplish that","['https://preview.redd.it/zjpevmcj4xdf1.jpg?width=108&crop=smart&auto=webp&s=d426cfe913e99181b29510abc33d8bcb324ccb0d', 'https://preview.redd.it/ebh63ncj4xdf1.jpg?width=108&crop=smart&auto=webp&s=a5f62af0e3344d1684244cb9809f116d4f69ab6b', 'https://preview.redd.it/o9zecscj4xdf1.jpg?width=108&crop=smart&auto=webp&s=b8a6e459d8cf0404598ad37171b2daf30e8dd806', 'https://preview.redd.it/e5nmqmcj4xdf1.jpg?width=108&crop=smart&auto=webp&s=f8de5839adc070ed2e00c964a2dd8150663a72bf', 'https://preview.redd.it/egq01ncj4xdf1.jpg?width=108&crop=smart&auto=webp&s=a9dd7f81f7ee550364f98be7bd3c318adb4a4bf7', 'https://preview.redd.it/3g70mmcj4xdf1.jpg?width=108&crop=smart&auto=webp&s=e36f7928f2bb30abdb0cc13ca8e00f1c07336ebf', 'https://preview.redd.it/urcbzmcj4xdf1.jpg?width=108&crop=smart&auto=webp&s=62dfd5a92cee42e9a5fbe9e4a730f780f9d51d70', 'https://preview.redd.it/0w85encj4xdf1.jpg?width=108&crop=smart&auto=webp&s=f35d1c2386c4cd4aa1bec24364a8bf74affac3d4', 'https://preview.redd.it/vqz0fncj4xdf1.jpg?width=108&crop=smart&auto=webp&s=e3c1a5d388b40f8c1af5164d1ec79b4ecb84579b', 'https://preview.redd.it/om7a0ocj4xdf1.jpg?width=108&crop=smart&auto=webp&s=f649d41f01f8db44b3f8b6bcc1e3f8e0efbbafee', 'https://preview.redd.it/mkfih4dj4xdf1.jpg?width=108&crop=smart&auto=webp&s=40026d63793f3f2222b9f363391ded3f1d367daa', 'https://preview.redd.it/cwg6kqcj4xdf1.jpg?width=108&crop=smart&auto=webp&s=6fcd5f8b3b399adad1689d1ac6c5789c78cfabae', 'https://preview.redd.it/bw6kfocj4xdf1.jpg?width=108&crop=smart&auto=webp&s=175afa5fa2d1ce3aa3d6fe1a0208aca92e870eca', 'https://preview.redd.it/x8pefncj4xdf1.jpg?width=108&crop=smart&auto=webp&s=e6d98c1af1a04f2df0715c588a66bea970fcea72', 'https://preview.redd.it/n5fhn2dj4xdf1.jpg?width=108&crop=smart&auto=webp&s=b7d07719c7c650922ed8c7519c9521db06036f43', 'https://preview.redd.it/x40f0pcj4xdf1.jpg?width=108&crop=smart&auto=webp&s=9dc09ff0fcbb4ef53eff4e993d6c4346952c1cca', 'https://preview.redd.it/nxhi32dj4xdf1.jpg?width=108&crop=smart&auto=webp&s=e33fce747d80d191034457c3503b31cf4657d782', 'https://preview.redd.it/70d6apcj4xdf1.jpg?width=108&crop=smart&auto=webp&s=8706e1413a08a6917ab8fe46a6b5af403d399938', 'https://preview.redd.it/2benc2dj4xdf1.jpg?width=108&crop=smart&auto=webp&s=bd22d665a78b8c93fce35d2073c6e79d35ce8073', 'https://preview.redd.it/r1g5s2dj4xdf1.jpg?width=108&crop=smart&auto=webp&s=df9a8a919ebb24def10602a921600c83af2296a8']"
DIY,https://old.reddit.com/r/DIY/comments/74c83a/upgraded_my_bosses_lunchbag_for_his_birthday/,30749,807,Upgraded My Bosses Lunchbag For His Birthday!,,
DIY,https://old.reddit.com/r/DIY/comments/6gsq5k/i_made_a_magnetic_3d_settlers_of_catan_board/,30686,896,"I made a magnetic, 3d Settlers of Catan board",,
DIY,https://old.reddit.com/r/DIY/comments/co6v1r/my_son_is_in_a_wheelchair_i_turned_it_into_bb8/,30603,821,My son is in a wheelchair. I turned it into BB8 and took him to Hollywood Studios. Here is the BB8Chair Build.,,
DIY,https://old.reddit.com/r/DIY/comments/6146li/amber_cane_prop_replica_from_jurrasic_park/,30365,1056,Amber Cane Prop Replica from Jurrasic Park,,
DIY,https://old.reddit.com/r/DIY/comments/a323jz/i_made_a_diaper_bag_that_transforms_into_a/,30210,1269,I made a diaper bag that transforms into a changing station. Great for all but super useful for men who donâ€™t normally get changing stations in public bathrooms,,
DIY,https://old.reddit.com/r/DIY/comments/1hiy4c2/wife_said_i_should_just_use_wood_filler_i_had_a/,29511,1919,"Wife said I should just use wood filler, I had a better idea",,"['https://preview.redd.it/ya4otwfvk38e1.jpg?width=108&crop=smart&auto=webp&s=a2b7d6e4bb1b3cfdda995a7ade933386e9fe1008', 'https://preview.redd.it/upl0mxfvk38e1.jpg?width=108&crop=smart&auto=webp&s=ecefda52d8331af6d3cc270fb2efc8f245c5ee2a', 'https://preview.redd.it/92iqitgvk38e1.jpg?width=108&crop=smart&auto=webp&s=2836478c837ed9326366c53955af3a5fb9abc276', 'https://preview.redd.it/5y35nzfvk38e1.png?width=108&crop=smart&auto=webp&s=c4a0d0e83b2b0af23460bfaff3b3a73af9c52e6c', 'https://preview.redd.it/tibqtvgvk38e1.png?width=108&crop=smart&auto=webp&s=46233d862aad3832e7469dd5813e320808112735', 'https://preview.redd.it/pu3txzfvk38e1.png?width=108&crop=smart&auto=webp&s=16dee1f5769e1b1532d66fb994ff671a073b5c8a', 'https://preview.redd.it/m0ahyzfvk38e1.png?width=108&crop=smart&auto=webp&s=108473d69a8930d6928f32905883e4f21458415c', 'https://preview.redd.it/jife42gvk38e1.jpg?width=108&crop=smart&auto=webp&s=f2a4cb8ef24b5cd0e9912b0a70ccfef9266ec64a', 'https://preview.redd.it/4vk523gvk38e1.jpg?width=108&crop=smart&auto=webp&s=cd298134824417184732dffbf5861297acf12a5d']"
DIY,https://old.reddit.com/r/DIY/comments/kzuirk/i_made_my_first_armor_ever_and_its_easier_than_it/,29314,731,I made my first armor ever and it's easier than it looks!,,
DIY,https://old.reddit.com/r/DIY/comments/69yavt/i_turned_an_old_portable_tv_into_a_dedicated/,29293,824,I turned an old portable TV into a dedicated retro gaming system!,,
DIY,https://old.reddit.com/r/DIY/comments/ga3c76/my_dog_has_degenerative_arthritis_in_her_front/,29219,1249,My dog has degenerative arthritis in her front paws. I made DIY orthotic splint shoes to help her walk.,,
DIY,https://old.reddit.com/r/DIY/comments/80dksv/i_made_a_table_out_of_86_layers_of_plywood_and/,29015,961,I made a table out of 86 layers of plywood and cement here it is,,
DIY,https://old.reddit.com/r/DIY/comments/815jd8/our_diy_maple_syrup_system/,28781,2100,Our DIY Maple Syrup System,,
DIY,https://old.reddit.com/r/DIY/comments/76rps8/got_tired_of_making_new_jackolanterns_each_year/,28602,785,Got tired of making new Jack-o-lanterns each year that just rot and get thrown away. Made one out of wood this year.,,
DIY,https://old.reddit.com/r/DIY/comments/7m37qn/nes_controller_coffee_table_gift_theme_for_the/,28540,556,"NES Controller Coffee Table. Gift theme for the family was hand made, decided to get ambitious for my brothers-in-law. My first major woodworking project.",,
DIY,https://old.reddit.com/r/DIY/comments/3hq8ox/i_built_a_fullyfunctional_overhead_control_panel/,28470,1892,I built a fully-functional overhead control panel for my computer,,
DIY,https://old.reddit.com/r/DIY/comments/7axjuz/i_renovated_my_ugly_sunroom_into_a_laundry_room/,27987,816,I renovated my ugly sunroom into a laundry room.,,
DIY,https://old.reddit.com/r/DIY/comments/51g9hr/rdiy_i_built_a_backyard_roller_coaster_for_my/,27428,1187,r/DIY I built a Backyard Roller Coaster for my grandkids,,
DIY,https://old.reddit.com/r/DIY/comments/4xu6cu/my_first_cutting_board_3d_end_grain_using_hard/,26952,1233,"My first cutting board: 3d End Grain using hard maple, cherry, and walnut (the ""WHY do I choose the hardest projects as firsts"" edition) [x-post r/woodworking)",,
DIY,https://old.reddit.com/r/DIY/comments/eqjqa2/water_cooled_computer_from_a_bourbon_barrel/,26702,776,Water Cooled Computer from a Bourbon Barrel - Distillery Theme,,
DIY,https://old.reddit.com/r/DIY/comments/7rykmh/i_converted_my_carpet_stairs_to_hardwood/,26687,1658,I converted my carpet stairs to hardwood,,
DIY,https://old.reddit.com/r/DIY/comments/7koh5b/i_made_a_pair_of_boots/,26531,847,I made a pair of boots,,
DIY,https://old.reddit.com/r/DIY/comments/4mza8n/i_like_leds_so_i_put_540_of_them_on_a_ball_to/,26468,1830,"I like LEDs, so I put 540 of them on a ball to bring to music festivals. Presenting SOL CRUSHER, the culmination of 6 months of my free time.",,
DIY,https://old.reddit.com/r/DIY/comments/6f5cnk/i_made_a_gif_playing_graduation_cap/,26412,870,I made a GIF playing graduation cap,,
DIY,https://old.reddit.com/r/DIY/comments/7isqm4/i_turned_a_400yearold_stump_into_a_coffee_table/,26323,680,I turned a 400-year-old stump into a coffee table with a lake.,,
DIY,https://old.reddit.com/r/DIY/comments/8u2tol/i_made_a_honeycomb_end_table_with_a_real_bee_in/,26257,815,I made a honeycomb end table with a real bee in it for a charity auction.,,
DIY,https://old.reddit.com/r/DIY/comments/2ao9yt/i_built_this_word_clock_for_my_brother_and_his/,26234,1703,I built this word clock for my brother and his wife. It has a special feature that activates on their birthdays.,,
DIY,https://old.reddit.com/r/DIY/comments/7e915u/i_built_a_house_for_our_outdoor_cat/,25963,1832,I built a house for our outdoor cat,,
DIY,https://old.reddit.com/r/DIY/comments/4n7ku1/how_i_converted_a_rusty_cargo_van_into_a_unique/,25808,1363,How I converted a rusty cargo van into a unique mobile studio,,
DIY,https://old.reddit.com/r/DIY/comments/67w3x0/i_built_some_nightstands/,25795,671,i built some nightstands,,
DIY,https://old.reddit.com/r/DIY/comments/4uxtdi/ruined_a_perfectly_good_1977_toyota_celica_to_pay/,25670,1795,Ruined a perfectly good 1977 Toyota Celica to pay homage to 2 of my favorite movies,,
DIY,https://old.reddit.com/r/DIY/comments/4z0p2s/bought_a_duplex_for_160k_turned_it_into_a_300k/,25605,1774,Bought a Duplex For 160k Turned It Into a 300k+ Money Maker.,,
DIY,https://old.reddit.com/r/DIY/comments/7vnj0o/xbox_360_with_built_in_lcd_screen/,25261,923,Xbox 360 with built in LCD screen,,
DIY,https://old.reddit.com/r/DIY/comments/18pypdp/a_christmas_present_for_my_little_brother/,25118,1636,A Christmas present for my little brother.,"Merry Christmas, Greg. Fuuuuuck you lol lol",https://i.redd.it/p1lu08z1u98c1.jpeg
DIY,https://old.reddit.com/r/DIY/comments/4rb7uz/i_made_a_word_clock_out_of_wood_from_an_acoustic/,25101,837,I made a word clock out of wood from an acoustic guitar.,,
DIY,https://old.reddit.com/r/DIY/comments/6vqtrw/ok_reddit_im_back_with_my_biggest_project_yet_a/,24998,1708,"OK Reddit, I'm back with my biggest project yet! A complete bathroom remodel for $5k.",,
DIY,https://old.reddit.com/r/DIY/comments/67o5u5/powder_coating_at_home_is_cheap_and_easy/,24976,1262,Powder coating At Home Is Cheap and Easy.,,
DIY,https://old.reddit.com/r/DIY/comments/5yail3/built_in_bunk_beds_i_did_it/,24856,1687,"built in bunk beds, I did it...",,
DIY,https://old.reddit.com/r/DIY/comments/1c9nyh0/update_to_the_paint_spill_i_did_it_reddit/,24848,421,Update to the paint spill: I did it Reddit.,"I can't post pictures in the other post so here's an update: Wire wheel brush on the grinder, an acetone scrub and finishing with dish soap did as gooder job as l think i could hope for. I hate the fresh concrete patina but hopefully it'll weather in a few months.",https://i.redd.it/iwd7994levvc1.png
DIY,https://old.reddit.com/r/DIY/comments/5jyhmo/restored_my_dads_50_year_old_hammer_as_a/,24804,1193,Restored my Dad's 50 year old hammer as a Christmas present,,
DIY,https://old.reddit.com/r/DIY/comments/7cc6j9/i_spent_the_last_five_months_building_out_a/,24720,2136,"I spent the last five months building out a Sprinter van to live in full time, and here are the progress pictures and final result. I'd love to share the knowledge I gathered, so feel free to ask questions!",,
DIY,https://old.reddit.com/r/DIY/comments/8hps5b/i_made_counterfeit_bananas_out_of_wood/,24570,871,I made counterfeit bananas out of wood,,
DIY,https://old.reddit.com/r/DIY/comments/80wcbn/perpetual_flip_calendar/,24490,483,Perpetual Flip Calendar,,
DIY,https://old.reddit.com/r/DIY/comments/8f2y5o/i_refinished_a_40_mid_century_modern_garage_sale/,24271,880,I refinished a $40 mid century modern garage sale desk and didn't ruin it!,,
DIY,https://old.reddit.com/r/DIY/comments/5wws5k/rebuilt_grandparents_antique_radio_did_some/,24253,1137,"Rebuilt Grandparents Antique Radio. Did Some Updates With Bluetooth, Led Lighting and Of Course A Motorized Liquor Rack",,
DIY,https://old.reddit.com/r/DIY/comments/5nc95e/i_built_a_computer_desk_with_a_built_in_computer/,24123,1351,I built a computer desk with a built in computer that looks like a traditional desk,,
DIY,https://old.reddit.com/r/DIY/comments/abtect/it_took_about_2000_pieces_of_wood_and_a_bit_of/,24015,529,"It took about 2,000 pieces of wood and a bit of wood glue, but I made a Life-Size Wood Nutcracker (that crushes coconuts)",,
DIY,https://old.reddit.com/r/DIY/comments/6z7gk6/i_built_a_motorized_height_adjustable_four_by/,23994,878,"I built a motorized, height adjustable, four by eight feet office desk for under $400.",,
DIY,https://old.reddit.com/r/DIY/comments/b4vo5i/i_made_my_girlfriend_a_desk_for_her_30th_birthday/,23882,875,I made my girlfriend a desk for her 30th birthday,,
DIY,https://old.reddit.com/r/DIY/comments/85k4fs/adventure_truck_20/,23757,679,Adventure Truck 2.0,,
DIY,https://old.reddit.com/r/DIY/comments/53k565/100_twoweekend_kitchen_makeover/,23738,1285,$100 two-weekend kitchen makeover,,
DIY,https://old.reddit.com/r/DIY/comments/83mc1c/gutted_and_replaced_my_68_year_old_kitchen_over/,23397,940,Gutted and replaced my 68 year old kitchen over the past 3 months,,
DIY,https://old.reddit.com/r/DIY/comments/68mbg7/accidentally_bleached_the_knee_of_my_levi_511s/,23400,1239,"Accidentally bleached the knee of my Levi 511's, then decided to finish the job.",,
DIY,https://old.reddit.com/r/DIY/comments/78rrcu/i_built_myself_a_couch_for_like_100/,23380,1448,I built myself a couch for like 100$,,
DIY,https://old.reddit.com/r/DIY/comments/6g9zx2/i_cut_a_vw_rabbit_pickup_in_half_and_hung_it_on/,23291,1179,I cut a VW Rabbit Pickup in half and hung it on my wall,,
DIY,https://old.reddit.com/r/DIY/comments/1az5wow/250_apartment_bathroom_facelift/,23234,858,$250 Apartment bathroom facelift.,"Did this little Reno on my apartment, my girlfriend did the decorating. It was my first time doing flooring, go easy ðŸ˜…. My apprentice is in the last photo.","['https://preview.redd.it/9c3118pkplkc1.jpg?width=108&crop=smart&auto=webp&s=29f2181eb09d88463b7c693788fce69859bf060a', 'https://preview.redd.it/vxp7e8pkplkc1.jpg?width=108&crop=smart&auto=webp&s=62e030d996fa893028b38a8161dae5f53d2aded3', 'https://preview.redd.it/z80ix9pkplkc1.jpg?width=108&crop=smart&auto=webp&s=1227c22308f675f4696afb0a27f20d4be004e72e', 'https://preview.redd.it/gaurd8pkplkc1.jpg?width=108&crop=smart&auto=webp&s=893db774839764e4a8248a3854ca78e3d14ec4dc', 'https://preview.redd.it/204068pkplkc1.jpg?width=108&crop=smart&auto=webp&s=c1c0b27890cdf39c5ef0df0094c15257df0b2195', 'https://preview.redd.it/i6in0apkplkc1.jpg?width=108&crop=smart&auto=webp&s=5d831023fce5c25cf469f6eb2915da3ad5759a19']"
DIY,https://old.reddit.com/r/DIY/comments/1oywymf/got_quoted_over_4k_for_an_epoxy_floor_in_my/,23108,1636,Got quoted over $4k for an epoxy floor in my garage. I did it for under $100 using watered down paint in sprayers and sealed with garage clear coat finish.,,https://i.redd.it/4az6ezsfno1g1.jpeg
DIY,https://old.reddit.com/r/DIY/comments/1mn9jzu/was_tired_of_my_janky_walkout_added_deck_tiles/,23069,529,Was tired of my janky walkout - added deck tiles and paint,"No matter how much I pressure washed this area (which is already a huge pain with all the angles), it always looked so sad and unfinished.  Added deck tiles and color-matched porch and floor paint, built a planter with some old lumber scraps and now weâ€™re looking a little less depresso.  Considering spray-painting the handrails black or something equally dark for balance.  Also thinking about building some sort or portico to protect the area from snow in the winter and to add structural interest to the exterior.","['https://preview.redd.it/yyv3u9h5ddif1.jpg?width=108&crop=smart&auto=webp&s=ad9c47600ec16ded6575e568a43fe5dc0d675756', 'https://preview.redd.it/loaby9h5ddif1.jpg?width=108&crop=smart&auto=webp&s=e093ee0b5dbb946fe941e5ba809f8c448c91b706']"
DIY,https://old.reddit.com/r/DIY/comments/4v1gfi/a_magic_sandbox_i_made_for_my_3_yo_sons_birthday/,22836,830,A magic sandbox I made for my 3 y.o. son's birthday. Detailed BOM and source code included.,,
DIY,https://old.reddit.com/r/DIY/comments/8ldi71/my_fancy_gaming_table/,22574,800,My Fancy Gaming Table,,
DIY,https://old.reddit.com/r/DIY/comments/19fmpda/not_gonna_lie_i_rather_enjoyed_trying_to_fix_this/,22562,1198,"Not gonna lie, I rather enjoyed trying to fix this.",Paint didnâ€™t match perfectly but Iâ€™ll repaint it all after a couple other fixes on the stairs. Last picture is my little perpetrator before the paint (penultimate picture).,"['https://preview.redd.it/ehkno6yx4oec1.jpg?width=108&crop=smart&auto=webp&s=047911f1d55e395bdc852b67534a02eb25c1effa', 'https://preview.redd.it/66mqx6yx4oec1.jpg?width=108&crop=smart&auto=webp&s=91129aca9aa63489eede48af85c62f257d857d81', 'https://preview.redd.it/r129l6yx4oec1.jpg?width=108&crop=smart&auto=webp&s=02200d92a67f1516d11fd8374206bc7b08db0147', 'https://preview.redd.it/8d9ix8yx4oec1.jpg?width=108&crop=smart&auto=webp&s=3099eabd39fa2d90bdaa28f8bce9b9019a8aff9d', 'https://preview.redd.it/pn1ps7yx4oec1.jpg?width=108&crop=smart&auto=webp&s=d1ab52dece02a19804bc71d2ee3219854ce102ed', 'https://preview.redd.it/yf1cs7yx4oec1.jpg?width=108&crop=smart&auto=webp&s=14fee624c70f7cc461cf31bcc27862b58cb79648']"
DIY,https://old.reddit.com/r/DIY/comments/1flx4ms/refinished_100_year_old_hardwood_floors_turned/,15042,174,Refinished 100 year old hardwood floors. Turned out better than I hoped.,"Just bought an old house. Pulled up nasty carpet, found some very beat up hardwoods and decided to try my hand at refinishing.
Rented a drum sander and an edge sander first and took off a thick layer of old varnish and spray paint. Started with 36 grit and worked up to 100. Then went back and swapped for a walk-behind orbital sander to smooth the transition between the edges and the center. There were tons of deep scratches from dragging heavy furniture across the floor, as well as deep discoloration, wine stains, you name it. Much of it came out but not all.
Used a variety of cleaners including Bona with some hydrogen peroxide to get most of the stains out. Then did two coats of Minwax oil based poly with some light color, and then about 4 more coats of oil based Varathane poly. After each coat, went over the whole thing first gently shaving off any uneven areas with a paint scraper where the varnish had pooled, then roughing the surface with steel wool and then later 220 grit, before wiping down with tack cloth to remove dust. One mistake was using small foam rollers. They left a lot of tracks that were hard to smooth out, but I bought a bunch of them so stuck it out.
Rental costs were about $200. Materials probably $300-400 for rollers, rags, tack cloth, sandpaper, and 4 cans of poly for about 500 square feet of floor.","['https://preview.redd.it/vlb7tkpf14qd1.jpg?width=108&crop=smart&auto=webp&s=022a62977f2b43c27d77223290f5c7dc3b80fc47', 'https://preview.redd.it/p3etnkpf14qd1.jpg?width=108&crop=smart&auto=webp&s=2925f9f25bbbc4553ad457e3907cc3f0e03df32d', 'https://preview.redd.it/9fntakpf14qd1.jpg?width=108&crop=smart&auto=webp&s=dac6802f0de8627438f002a31b6a9d221191d346', 'https://preview.redd.it/8hysakpf14qd1.jpg?width=108&crop=smart&auto=webp&s=96811788d3971b90e5c13826f046fb9979df5348', 'https://preview.redd.it/schc9mpf14qd1.jpg?width=108&crop=smart&auto=webp&s=fc4a794b04f0f00dbde02c07b04c145301105b57', 'https://preview.redd.it/ca2e7kpf14qd1.jpg?width=108&crop=smart&auto=webp&s=1d1c2e729e4746c51971bca465d73ea7e8463e74', 'https://preview.redd.it/p5063kpf14qd1.jpg?width=108&crop=smart&auto=webp&s=5bd71f869445dda68f3652dbdfcf54ca4813e27b', 'https://preview.redd.it/4zs17kpf14qd1.jpg?width=108&crop=smart&auto=webp&s=4c8d8831286d9404a22ca356b4037990b9870db9', 'https://preview.redd.it/qarvokpf14qd1.jpg?width=108&crop=smart&auto=webp&s=604b4e924b05b8e5a09986b43a8cc798ed36f2a3', 'https://preview.redd.it/hrxw4kpf14qd1.jpg?width=108&crop=smart&auto=webp&s=5600ee1dedbc936b5723fb99babb2ff7a856fff9', 'https://preview.redd.it/omrnskpf14qd1.jpg?width=108&crop=smart&auto=webp&s=9b81ceda58e768292419c5b4faa860e4828ec34e', 'https://preview.redd.it/1rvrvjqf14qd1.jpg?width=108&crop=smart&auto=webp&s=120b62febb3831884e3c655ebcd8db96bfe5b93b', 'https://preview.redd.it/pyonwlpf14qd1.jpg?width=108&crop=smart&auto=webp&s=109ed8a80aaf60c831402e59da757e4d992e4fe3']"
